INSERT INTO role (role_name) VALUES ('ROLE_SM');
INSERT INTO role (role_name) VALUES  ('ROLE_WM');
INSERT INTO role (role_name) VALUES ('ROLE_WS');
INSERT INTO role (role_name) VALUES ('ROLE_MTM');
INSERT INTO role (role_name) VALUES ('ROLE_S');

insert into users(email, first_name, last_name, password, phone) values ('pantha@gmail.com', 'Pantha', 'Istiaqe','123', '01685331016');
insert into user_role(id, role_id) values (1,1);

insert into suppliers(address, contact_person_name, contact_person_phone, email, name, remarks, type, token) values ('16 Akmol khan road, Mitford', 'Panta', '01685331016', 'panthaistiaque@gmail.com', 'IH Traders', null, 'VENDOR','a8fddcfb-a923-4de2-9319-b61662275ef1');
insert into suppliers(address, contact_person_name, contact_person_phone, email, name, remarks, type, token) values ('39 New market, Dhaka', 'Istiaque', '01721672283', 'mdistiaque56@yahoo.com', 'Thai Brothers and Co.', null, 'VENDOR','1035af17-5651-4d4d-86ad-4bfe4f640646');

INSERT INTO brand(id, NAME,created_on , is_active) VALUES (1, 'Unilever',NOW(), TRUE);
INSERT INTO brand(id, NAME,created_on , is_active) VALUES (2, 'PRAN-RFL',NOW(), TRUE);
INSERT INTO brand(id, NAME,created_on , is_active) VALUES (3, 'AKIJE',NOW(), TRUE);
INSERT INTO brand(id, NAME,created_on , is_active) VALUES (4, 'MEGHNA',NOW(), TRUE);
INSERT INTO brand(id, NAME,created_on , is_active) VALUES (5, 'ACI',NOW(), TRUE);
INSERT INTO brand(id, NAME,created_on , is_active) VALUES (6, 'OLYMPAC',NOW(), TRUE);

INSERT INTO category(id, NAME,created_on , is_active) VALUES (1, 'Computer',NOW(), TRUE);
INSERT INTO category(id, NAME,created_on , is_active) VALUES (2, 'Oil',NOW(), TRUE);
INSERT INTO category(id, NAME,created_on , is_active) VALUES (3, 'Toiletries',NOW(), TRUE);
INSERT INTO category(id, NAME,created_on , is_active) VALUES (4, 'Lathers',NOW(), TRUE);
INSERT INTO category(id, NAME,created_on , is_active) VALUES (5, 'Dry Food',NOW(), TRUE);


insert into shelf(id, name, slot_number) values (1, 'AA', 6);
insert into shelf(id, name, slot_number) values (2, 'AB', 6);
insert into shelf(id, name, slot_number) values (3, 'AC', 6);
insert into shelf(id, name, slot_number) values (4, 'AD', 6);
insert into shelf(id, name, slot_number) values (5, 'AE', 6);
insert into shelf(id, name, slot_number) values (6, 'AF', 6);
insert into shelf(id, name, slot_number) values (7, 'AG', 6);
insert into shelf(id, name, slot_number) values (8, 'AH', 6);
insert into shelf(id, name, slot_number) values (9, 'BA', 6);
insert into shelf(id, name, slot_number) values (10, 'BB', 6);
insert into shelf(id, name, slot_number) values (11, 'BC', 6);
insert into shelf(id, name, slot_number) values (12, 'BD', 6);
insert into shelf(id, name, slot_number) values (13, 'BE', 6);
insert into shelf(id, name, slot_number) values (14, 'BF', 6);
insert into shelf(id, name, slot_number) values (15, 'BG', 6);
insert into shelf(id, name, slot_number) values (16, 'BH', 6);
insert into shelf(id, name, slot_number) values (17, 'CA', 6);
insert into shelf(id, name, slot_number) values (18, 'CB', 6);
insert into shelf(id, name, slot_number) values (19, 'CC', 6);
insert into shelf(id, name, slot_number) values (20, 'CD', 6);
insert into shelf(id, name, slot_number) values (21, 'CE', 6);
insert into shelf(id, name, slot_number) values (22, 'CF', 6);
insert into shelf(id, name, slot_number) values (23, 'CG', 6);
insert into shelf(id, name, slot_number) values (24, 'CH', 6);
insert into shelf(id, name, slot_number) values (25, 'DA', 6);
insert into shelf(id, name, slot_number) values (26, 'DB', 6);
insert into shelf(id, name, slot_number) values (27, 'DC', 6);
insert into shelf(id, name, slot_number) values (28, 'DD', 6);
insert into shelf(id, name, slot_number) values (29, 'DE', 6);
insert into shelf(id, name, slot_number) values (30, 'DF', 6);
insert into shelf(id, name, slot_number) values (31, 'DG', 6);
insert into shelf(id, name, slot_number) values (32, 'DH', 6);


insert into slot(id, name, shelf_id) values (1, 'AA1',1);
insert into slot(id, name, shelf_id) values (2, 'AA2',1);
insert into slot(id, name, shelf_id) values (3, 'AA3',1);
insert into slot(id, name, shelf_id) values (4, 'AA4',1);
insert into slot(id, name, shelf_id) values (5, 'AA5',1);
insert into slot(id, name, shelf_id) values (6, 'AA6',1);
insert into slot(id, name, shelf_id) values (7, 'AB1',2);
insert into slot(id, name, shelf_id) values (8, 'AB2',2);
insert into slot(id, name, shelf_id) values (9, 'AB3',2);
insert into slot(id, name, shelf_id) values (10, 'AB4',2);
insert into slot(id, name, shelf_id) values (11, 'AB5',2);
insert into slot(id, name, shelf_id) values (12, 'AB6',2);
insert into slot(id, name, shelf_id) values (13, 'AC1',3);
insert into slot(id, name, shelf_id) values (14, 'AC2',3);
insert into slot(id, name, shelf_id) values (15, 'AC3',3);
insert into slot(id, name, shelf_id) values (16, 'AC4',3);
insert into slot(id, name, shelf_id) values (17, 'AC5',3);
insert into slot(id, name, shelf_id) values (18, 'AC6',3);
insert into slot(id, name, shelf_id) values (19, 'AD1',4);
insert into slot(id, name, shelf_id) values (20, 'AD2',4);
insert into slot(id, name, shelf_id) values (21, 'AD3',4);
insert into slot(id, name, shelf_id) values (22, 'AD4',4);
insert into slot(id, name, shelf_id) values (23, 'AD5',4);
insert into slot(id, name, shelf_id) values (24, 'AD6',4);
insert into slot(id, name, shelf_id) values (25, 'AE1',5);
insert into slot(id, name, shelf_id) values (26, 'AE2',5);
insert into slot(id, name, shelf_id) values (27, 'AE3',5);
insert into slot(id, name, shelf_id) values (28, 'AE4',5);
insert into slot(id, name, shelf_id) values (29, 'AE5',5);
insert into slot(id, name, shelf_id) values (30, 'AE6',5);
insert into slot(id, name, shelf_id) values (31, 'AF1',6);
insert into slot(id, name, shelf_id) values (32, 'AF2',6);
insert into slot(id, name, shelf_id) values (33, 'AF3',6);
insert into slot(id, name, shelf_id) values (34, 'AF4',6);
insert into slot(id, name, shelf_id) values (35, 'AF5',6);
insert into slot(id, name, shelf_id) values (36, 'AF6',6);
insert into slot(id, name, shelf_id) values (37, 'AG1',7);
insert into slot(id, name, shelf_id) values (38, 'AG2',7);
insert into slot(id, name, shelf_id) values (39, 'AG3',7);
insert into slot(id, name, shelf_id) values (40, 'AG4',7);
insert into slot(id, name, shelf_id) values (41, 'AG5',7);
insert into slot(id, name, shelf_id) values (42, 'AG6',7);
insert into slot(id, name, shelf_id) values (43, 'AH1',8);
insert into slot(id, name, shelf_id) values (44, 'AH2',8);
insert into slot(id, name, shelf_id) values (45, 'AH3',8);
insert into slot(id, name, shelf_id) values (46, 'AH4',8);
insert into slot(id, name, shelf_id) values (47, 'AH5',8);
insert into slot(id, name, shelf_id) values (48, 'AH6',8);
insert into slot(id, name, shelf_id) values (49, 'BA1',9);
insert into slot(id, name, shelf_id) values (50, 'BA2',9);
insert into slot(id, name, shelf_id) values (51, 'BA3',9);
insert into slot(id, name, shelf_id) values (52, 'BA4',9);
insert into slot(id, name, shelf_id) values (53, 'BA5',9);
insert into slot(id, name, shelf_id) values (54, 'BA6',9);
insert into slot(id, name, shelf_id) values (55, 'BB1',10);
insert into slot(id, name, shelf_id) values (56, 'BB2',10);
insert into slot(id, name, shelf_id) values (57, 'BB3',10);
insert into slot(id, name, shelf_id) values (58, 'BB4',10);
insert into slot(id, name, shelf_id) values (59, 'BB5',10);
insert into slot(id, name, shelf_id) values (60, 'BB6',10);
insert into slot(id, name, shelf_id) values (61, 'BC1',11);
insert into slot(id, name, shelf_id) values (62, 'BC2',11);
insert into slot(id, name, shelf_id) values (63, 'BC3',11);
insert into slot(id, name, shelf_id) values (64, 'BC4',11);
insert into slot(id, name, shelf_id) values (65, 'BC5',11);
insert into slot(id, name, shelf_id) values (66, 'BC6',11);
insert into slot(id, name, shelf_id) values (67, 'BD1',12);
insert into slot(id, name, shelf_id) values (68, 'BD2',12);
insert into slot(id, name, shelf_id) values (69, 'BD3',12);
insert into slot(id, name, shelf_id) values (70, 'BD4',12);
insert into slot(id, name, shelf_id) values (71, 'BD5',12);
insert into slot(id, name, shelf_id) values (72, 'BD6',12);
insert into slot(id, name, shelf_id) values (73, 'BE1',13);
insert into slot(id, name, shelf_id) values (74, 'BE2',13);
insert into slot(id, name, shelf_id) values (75, 'BE3',13);
insert into slot(id, name, shelf_id) values (76, 'BE4',13);
insert into slot(id, name, shelf_id) values (77, 'BE5',13);
insert into slot(id, name, shelf_id) values (78, 'BE6',13);
insert into slot(id, name, shelf_id) values (79, 'BF1',14);
insert into slot(id, name, shelf_id) values (80, 'BF2',14);
insert into slot(id, name, shelf_id) values (81, 'BF3',14);
insert into slot(id, name, shelf_id) values (82, 'BF4',14);
insert into slot(id, name, shelf_id) values (83, 'BF5',14);
insert into slot(id, name, shelf_id) values (84, 'BF6',14);
insert into slot(id, name, shelf_id) values (85, 'BG1',15);
insert into slot(id, name, shelf_id) values (86, 'BG2',15);
insert into slot(id, name, shelf_id) values (87, 'BG3',15);
insert into slot(id, name, shelf_id) values (88, 'BG4',15);
insert into slot(id, name, shelf_id) values (89, 'BG5',15);
insert into slot(id, name, shelf_id) values (90, 'BG6',15);
insert into slot(id, name, shelf_id) values (91, 'BH1',16);
insert into slot(id, name, shelf_id) values (92, 'BH2',16);
insert into slot(id, name, shelf_id) values (93, 'BH3',16);
insert into slot(id, name, shelf_id) values (94, 'BH4',16);
insert into slot(id, name, shelf_id) values (95, 'BH5',16);
insert into slot(id, name, shelf_id) values (96, 'BH6',16);
insert into slot(id, name, shelf_id) values (97, 'CA1',17);
insert into slot(id, name, shelf_id) values (98, 'CA2',17);
insert into slot(id, name, shelf_id) values (99, 'CA3',17);
insert into slot(id, name, shelf_id) values (100, 'CA4',17);
insert into slot(id, name, shelf_id) values (101, 'CA5',17);
insert into slot(id, name, shelf_id) values (102, 'CA6',17);
insert into slot(id, name, shelf_id) values (103, 'CB1',18);
insert into slot(id, name, shelf_id) values (104, 'CB2',18);
insert into slot(id, name, shelf_id) values (105, 'CB3',18);
insert into slot(id, name, shelf_id) values (106, 'CB4',18);
insert into slot(id, name, shelf_id) values (107, 'CB5',18);
insert into slot(id, name, shelf_id) values (108, 'CB6',18);
insert into slot(id, name, shelf_id) values (109, 'CC1',19);
insert into slot(id, name, shelf_id) values (110, 'CC2',19);
insert into slot(id, name, shelf_id) values (111, 'CC3',19);
insert into slot(id, name, shelf_id) values (112, 'CC4',19);
insert into slot(id, name, shelf_id) values (113, 'CC5',19);
insert into slot(id, name, shelf_id) values (114, 'CC6',19);
insert into slot(id, name, shelf_id) values (115, 'CD1',20);
insert into slot(id, name, shelf_id) values (116, 'CD2',20);
insert into slot(id, name, shelf_id) values (117, 'CD3',20);
insert into slot(id, name, shelf_id) values (118, 'CD4',20);
insert into slot(id, name, shelf_id) values (119, 'CD5',20);
insert into slot(id, name, shelf_id) values (120, 'CD6',20);
insert into slot(id, name, shelf_id) values (121, 'CE1',21);
insert into slot(id, name, shelf_id) values (122, 'CE2',21);
insert into slot(id, name, shelf_id) values (123, 'CE3',21);
insert into slot(id, name, shelf_id) values (124, 'CE4',21);
insert into slot(id, name, shelf_id) values (125, 'CE5',21);
insert into slot(id, name, shelf_id) values (126, 'CE6',21);
insert into slot(id, name, shelf_id) values (127, 'CF1',22);
insert into slot(id, name, shelf_id) values (128, 'CF2',22);
insert into slot(id, name, shelf_id) values (129, 'CF3',22);
insert into slot(id, name, shelf_id) values (130, 'CF4',22);
insert into slot(id, name, shelf_id) values (131, 'CF5',22);
insert into slot(id, name, shelf_id) values (132, 'CF6',22);
insert into slot(id, name, shelf_id) values (133, 'CG1',23);
insert into slot(id, name, shelf_id) values (134, 'CG2',23);
insert into slot(id, name, shelf_id) values (135, 'CG3',23);
insert into slot(id, name, shelf_id) values (136, 'CG4',23);
insert into slot(id, name, shelf_id) values (137, 'CG5',23);
insert into slot(id, name, shelf_id) values (138, 'CG6',23);
insert into slot(id, name, shelf_id) values (139, 'CH1',24);
insert into slot(id, name, shelf_id) values (140, 'CH2',24);
insert into slot(id, name, shelf_id) values (141, 'CH3',24);
insert into slot(id, name, shelf_id) values (142, 'CH4',24);
insert into slot(id, name, shelf_id) values (143, 'CH5',24);
insert into slot(id, name, shelf_id) values (144, 'CH6',24);
insert into slot(id, name, shelf_id) values (145, 'DA1',25);
insert into slot(id, name, shelf_id) values (146, 'DA2',25);
insert into slot(id, name, shelf_id) values (147, 'DA3',25);
insert into slot(id, name, shelf_id) values (148, 'DA4',25);
insert into slot(id, name, shelf_id) values (149, 'DA5',25);
insert into slot(id, name, shelf_id) values (150, 'DA6',25);
insert into slot(id, name, shelf_id) values (151, 'DB1',26);
insert into slot(id, name, shelf_id) values (152, 'DB2',26);
insert into slot(id, name, shelf_id) values (153, 'DB3',26);
insert into slot(id, name, shelf_id) values (154, 'DB4',26);
insert into slot(id, name, shelf_id) values (155, 'DB5',26);
insert into slot(id, name, shelf_id) values (156, 'DB6',26);
insert into slot(id, name, shelf_id) values (157, 'DC1',27);
insert into slot(id, name, shelf_id) values (158, 'DC2',27);
insert into slot(id, name, shelf_id) values (159, 'DC3',27);
insert into slot(id, name, shelf_id) values (160, 'DC4',27);
insert into slot(id, name, shelf_id) values (161, 'DC5',27);
insert into slot(id, name, shelf_id) values (162, 'DC6',27);
insert into slot(id, name, shelf_id) values (163, 'DD1',28);
insert into slot(id, name, shelf_id) values (164, 'DD2',28);
insert into slot(id, name, shelf_id) values (165, 'DD3',28);
insert into slot(id, name, shelf_id) values (166, 'DD4',28);
insert into slot(id, name, shelf_id) values (167, 'DD5',28);
insert into slot(id, name, shelf_id) values (168, 'DD6',28);
insert into slot(id, name, shelf_id) values (169, 'DE1',29);
insert into slot(id, name, shelf_id) values (170, 'DE2',29);
insert into slot(id, name, shelf_id) values (171, 'DE3',29);
insert into slot(id, name, shelf_id) values (172, 'DE4',29);
insert into slot(id, name, shelf_id) values (173, 'DE5',29);
insert into slot(id, name, shelf_id) values (174, 'DE6',29);
insert into slot(id, name, shelf_id) values (175, 'DF1',30);
insert into slot(id, name, shelf_id) values (176, 'DF2',30);
insert into slot(id, name, shelf_id) values (177, 'DF3',30);
insert into slot(id, name, shelf_id) values (178, 'DF4',30);
insert into slot(id, name, shelf_id) values (179, 'DF5',30);
insert into slot(id, name, shelf_id) values (180, 'DF6',30);
insert into slot(id, name, shelf_id) values (181, 'DG1',31);
insert into slot(id, name, shelf_id) values (182, 'DG2',31);
insert into slot(id, name, shelf_id) values (183, 'DG3',31);
insert into slot(id, name, shelf_id) values (184, 'DG4',31);
insert into slot(id, name, shelf_id) values (185, 'DG5',31);
insert into slot(id, name, shelf_id) values (186, 'DG6',31);
insert into slot(id, name, shelf_id) values (187, 'DH1',32);
insert into slot(id, name, shelf_id) values (188, 'DH2',32);
insert into slot(id, name, shelf_id) values (189, 'DH3',32);
insert into slot(id, name, shelf_id) values (190, 'DH4',32);
insert into slot(id, name, shelf_id) values (191, 'DH5',32);
insert into slot(id, name, shelf_id) values (192, 'DH6',32);
